firstName1,lastName1,41
firstName2,lastName2,41
firstName3,lastName3,41
firstName4,lastName4,41
firstName5,lastName5,41
firstName6,lastName6,41
firstName7,lastName7,41
firstName8,lastName8,41
firstName9,lastName9,41
firstName10,lastName10,41
firstName11,lastName11,41
firstName12,lastName12,41
firstName13,lastName13,41
firstName14,lastName14,41
firstName15,lastName15,41
firstName16,lastName16,41
firstName17,lastName17,41
firstName18,lastName18,41
firstName19,lastName19,41
firstName20,lastName20,41
firstName21,lastName21,41
firstName22,lastName22,41
firstName23,lastName23,41
firstName24,lastName24,41
firstName25,lastName25,41
firstName26,lastName26,41
firstName27,lastName27,41
firstName28,lastName28,41
firstName29,lastName29,41
firstName30,lastName30,41
firstName31,lastName31,41
firstName32,lastName32,41
firstName33,lastName33,41
firstName34,lastName34,41
firstName35,lastName35,41
firstName36,lastName36,41
firstName37,lastName37,41
firstName38,lastName38,41
firstName39,lastName39,41
firstName40,lastName40,41
firstName41,lastName41,41
firstName42,lastName42,41
firstName43,lastName43,41
firstName44,lastName44,41
firstName45,lastName45,41
firstName46,lastName46,41
firstName47,lastName47,41
firstName48,lastName48,41
firstName49,lastName49,41
firstName50,lastName50,41
firstName51,lastName51,41
firstName52,lastName52,41
firstName53,lastName53,41
firstName54,lastName54,41
firstName55,lastName55,41
firstName56,lastName56,41
firstName57,lastName57,41
firstName58,lastName58,41
firstName59,lastName59,41
firstName60,lastName60,41
firstName61,lastName61,41
firstName62,lastName62,41
firstName63,lastName63,41
firstName64,lastName64,41
firstName65,lastName65,41
firstName66,lastName66,41
firstName67,lastName67,41
firstName68,lastName68,41
firstName69,lastName69,41
firstName70,lastName70,41
firstName71,lastName71,41
firstName72,lastName72,41
firstName73,lastName73,41
firstName74,lastName74,41
firstName75,lastName75,41
firstName76,lastName76,41
firstName77,lastName77,41
firstName78,lastName78,41
firstName79,lastName79,41
firstName80,lastName80,41
firstName81,lastName81,41
firstName82,lastName82,41
firstName83,lastName83,41
firstName84,lastName84,41
firstName85,lastName85,41
firstName86,lastName86,41
firstName87,lastName87,41
firstName88,lastName88,41
firstName89,lastName89,41
firstName90,lastName90,41
firstName91,lastName91,41
firstName92,lastName92,41
firstName93,lastName93,41
firstName94,lastName94,41
firstName95,lastName95,41
firstName96,lastName96,41
firstName97,lastName97,41
firstName98,lastName98,41
firstName99,lastName99,41
firstName100,lastName100,41
firstName101,lastName101,41
firstName102,lastName102,41
firstName103,lastName103,41
firstName104,lastName104,41
firstName105,lastName105,41
firstName106,lastName106,41
firstName107,lastName107,41
firstName108,lastName108,41
firstName109,lastName109,41
firstName110,lastName110,41
firstName111,lastName111,41
firstName112,lastName112,41
firstName113,lastName113,41
firstName114,lastName114,41
firstName115,lastName115,41
firstName116,lastName116,41
firstName117,lastName117,41
firstName118,lastName118,41
firstName119,lastName119,41
firstName120,lastName120,41
firstName121,lastName121,41
firstName122,lastName122,41
firstName123,lastName123,41
firstName124,lastName124,41
firstName125,lastName125,41
firstName126,lastName126,41
firstName127,lastName127,41
firstName128,lastName128,41
firstName129,lastName129,41
firstName130,lastName130,41
firstName131,lastName131,41
firstName132,lastName132,41
firstName133,lastName133,41
firstName134,lastName134,41
firstName135,lastName135,41
firstName136,lastName136,41
firstName137,lastName137,41
firstName138,lastName138,41
firstName139,lastName139,41
firstName140,lastName140,41
firstName141,lastName141,41
firstName142,lastName142,41
firstName143,lastName143,41
firstName144,lastName144,41
firstName145,lastName145,41
firstName146,lastName146,41
firstName147,lastName147,41
firstName148,lastName148,41
firstName149,lastName149,41
firstName150,lastName150,41
firstName151,lastName151,41
firstName152,lastName152,41
firstName153,lastName153,41
firstName154,lastName154,41
firstName155,lastName155,41
firstName156,lastName156,41
firstName157,lastName157,41
firstName158,lastName158,41
firstName159,lastName159,41
firstName160,lastName160,41
firstName161,lastName161,41
firstName162,lastName162,41
firstName163,lastName163,41
firstName164,lastName164,41
firstName165,lastName165,41
firstName166,lastName166,41
firstName167,lastName167,41
firstName168,lastName168,41
firstName169,lastName169,41
firstName170,lastName170,41
firstName171,lastName171,41
firstName172,lastName172,41
firstName173,lastName173,41
firstName174,lastName174,41
firstName175,lastName175,41
firstName176,lastName176,41
firstName177,lastName177,41
firstName178,lastName178,41
firstName179,lastName179,41
firstName180,lastName180,41
firstName181,lastName181,41
firstName182,lastName182,41
firstName183,lastName183,41
firstName184,lastName184,41
firstName185,lastName185,41
firstName186,lastName186,41
firstName187,lastName187,41
firstName188,lastName188,41
firstName189,lastName189,41
firstName190,lastName190,41
firstName191,lastName191,41
firstName192,lastName192,41
firstName193,lastName193,41
firstName194,lastName194,41
firstName195,lastName195,41
firstName196,lastName196,40
firstName197,lastName197,40
firstName198,lastName198,40
firstName199,lastName199,40
firstName200,lastName200,40
firstName201,lastName201,40
firstName202,lastName202,40
firstName203,lastName203,40
firstName204,lastName204,40
firstName205,lastName205,40
firstName206,lastName206,40
firstName207,lastName207,40
firstName208,lastName208,40
firstName209,lastName209,40
firstName210,lastName210,40
firstName211,lastName211,40
firstName212,lastName212,40
firstName213,lastName213,40
firstName214,lastName214,40
firstName215,lastName215,40
firstName216,lastName216,40
firstName217,lastName217,40
firstName218,lastName218,40
firstName219,lastName219,40
firstName220,lastName220,40
firstName221,lastName221,40
firstName222,lastName222,40
firstName223,lastName223,40
firstName224,lastName224,40
firstName225,lastName225,40
firstName226,lastName226,40
firstName227,lastName227,40
firstName228,lastName228,40
firstName229,lastName229,40
firstName230,lastName230,40
firstName231,lastName231,40
firstName232,lastName232,40
firstName233,lastName233,40
firstName234,lastName234,40
firstName235,lastName235,40
firstName236,lastName236,40
firstName237,lastName237,40
firstName238,lastName238,40
firstName239,lastName239,40
firstName240,lastName240,40
firstName241,lastName241,40
firstName242,lastName242,40
firstName243,lastName243,40
firstName244,lastName244,40
firstName245,lastName245,40
firstName246,lastName246,40
firstName247,lastName247,40
firstName248,lastName248,40
firstName249,lastName249,40
firstName250,lastName250,40
firstName251,lastName251,40
firstName252,lastName252,40
firstName253,lastName253,40
firstName254,lastName254,40
firstName255,lastName255,40
firstName256,lastName256,40
firstName257,lastName257,40
firstName258,lastName258,40
firstName259,lastName259,40
firstName260,lastName260,40
firstName261,lastName261,40
firstName262,lastName262,40
firstName263,lastName263,40
firstName264,lastName264,40
firstName265,lastName265,40
firstName266,lastName266,40
firstName267,lastName267,40
firstName268,lastName268,40
firstName269,lastName269,40
firstName270,lastName270,40
firstName271,lastName271,40
firstName272,lastName272,40
firstName273,lastName273,40
firstName274,lastName274,40
firstName275,lastName275,40
firstName276,lastName276,40
firstName277,lastName277,40
firstName278,lastName278,40
firstName279,lastName279,40
firstName280,lastName280,40
firstName281,lastName281,40
firstName282,lastName282,40
firstName283,lastName283,40
firstName284,lastName284,40
firstName285,lastName285,40
firstName286,lastName286,40
firstName287,lastName287,40
firstName288,lastName288,40
firstName289,lastName289,40
firstName290,lastName290,40
firstName291,lastName291,40
firstName292,lastName292,40
firstName293,lastName293,40
firstName294,lastName294,40
firstName295,lastName295,40
firstName296,lastName296,40
firstName297,lastName297,40
firstName298,lastName298,40
firstName299,lastName299,40
firstName300,lastName300,40
firstName301,lastName301,40
firstName302,lastName302,40
firstName303,lastName303,40
firstName304,lastName304,40
firstName305,lastName305,40
firstName306,lastName306,40
firstName307,lastName307,40
firstName308,lastName308,40
firstName309,lastName309,40
firstName310,lastName310,40
firstName311,lastName311,40
firstName312,lastName312,40
firstName313,lastName313,40
firstName314,lastName314,40
firstName315,lastName315,40
firstName316,lastName316,40
firstName317,lastName317,40
firstName318,lastName318,40
firstName319,lastName319,40
firstName320,lastName320,40
firstName321,lastName321,40
firstName322,lastName322,40
firstName323,lastName323,40
firstName324,lastName324,40
firstName325,lastName325,40
firstName326,lastName326,40
firstName327,lastName327,40
firstName328,lastName328,40
firstName329,lastName329,40
firstName330,lastName330,40
firstName331,lastName331,40
firstName332,lastName332,40
firstName333,lastName333,40
firstName334,lastName334,40
firstName335,lastName335,40
firstName336,lastName336,40
firstName337,lastName337,40
firstName338,lastName338,40
firstName339,lastName339,40
firstName340,lastName340,40
firstName341,lastName341,40
firstName342,lastName342,40
firstName343,lastName343,40
firstName344,lastName344,40
firstName345,lastName345,40
firstName346,lastName346,40
firstName347,lastName347,40
firstName348,lastName348,40
firstName349,lastName349,40
firstName350,lastName350,40
firstName351,lastName351,40
firstName352,lastName352,40
firstName353,lastName353,40
firstName354,lastName354,40
firstName355,lastName355,40
firstName356,lastName356,40
firstName357,lastName357,40
firstName358,lastName358,40
firstName359,lastName359,40
firstName360,lastName360,40
firstName361,lastName361,40
firstName362,lastName362,40
firstName363,lastName363,40
firstName364,lastName364,40
firstName365,lastName365,40
firstName366,lastName366,40
firstName367,lastName367,40
firstName368,lastName368,40
firstName369,lastName369,40
firstName370,lastName370,40
firstName371,lastName371,40
firstName372,lastName372,40
firstName373,lastName373,40
firstName374,lastName374,40
firstName375,lastName375,40
firstName376,lastName376,40
firstName377,lastName377,40
firstName378,lastName378,40
firstName379,lastName379,40
firstName380,lastName380,40
firstName381,lastName381,40
firstName382,lastName382,40
firstName383,lastName383,40
firstName384,lastName384,40
firstName385,lastName385,40
firstName386,lastName386,40
firstName387,lastName387,40
firstName388,lastName388,40
firstName389,lastName389,40
firstName390,lastName390,40
firstName391,lastName391,40
firstName392,lastName392,40
firstName393,lastName393,40
firstName394,lastName394,40
firstName395,lastName395,40
firstName396,lastName396,40
firstName397,lastName397,40
firstName398,lastName398,40
firstName399,lastName399,40
firstName400,lastName400,40
firstName401,lastName401,40
firstName402,lastName402,40
firstName403,lastName403,40
firstName404,lastName404,40
firstName405,lastName405,40
firstName406,lastName406,40
firstName407,lastName407,40
firstName408,lastName408,40
firstName409,lastName409,40
firstName410,lastName410,40
firstName411,lastName411,40
firstName412,lastName412,40
firstName413,lastName413,40
firstName414,lastName414,40
firstName415,lastName415,40
firstName416,lastName416,40
firstName417,lastName417,40
firstName418,lastName418,40
firstName419,lastName419,40
firstName420,lastName420,40
firstName421,lastName421,40
firstName422,lastName422,40
firstName423,lastName423,40
firstName424,lastName424,40
firstName425,lastName425,40
firstName426,lastName426,40
firstName427,lastName427,40
firstName428,lastName428,40
firstName429,lastName429,40
firstName430,lastName430,40
firstName431,lastName431,40
firstName432,lastName432,40
firstName433,lastName433,40
firstName434,lastName434,40
firstName435,lastName435,40
firstName436,lastName436,40
firstName437,lastName437,40
firstName438,lastName438,40
firstName439,lastName439,40
firstName440,lastName440,40
firstName441,lastName441,40
firstName442,lastName442,40
firstName443,lastName443,40
firstName444,lastName444,40
firstName445,lastName445,40
firstName446,lastName446,40
firstName447,lastName447,40
firstName448,lastName448,40
firstName449,lastName449,40
firstName450,lastName450,40
firstName451,lastName451,40
firstName452,lastName452,40
firstName453,lastName453,40
firstName454,lastName454,40
firstName455,lastName455,40
firstName456,lastName456,40
firstName457,lastName457,40
firstName458,lastName458,40
firstName459,lastName459,40
firstName460,lastName460,40
firstName461,lastName461,40
firstName462,lastName462,40
firstName463,lastName463,40
firstName464,lastName464,40
firstName465,lastName465,40
firstName466,lastName466,40
firstName467,lastName467,40
firstName468,lastName468,40
firstName469,lastName469,40
firstName470,lastName470,40
firstName471,lastName471,40
firstName472,lastName472,40
firstName473,lastName473,40
firstName474,lastName474,40
firstName475,lastName475,40
firstName476,lastName476,40
firstName477,lastName477,40
firstName478,lastName478,40
firstName479,lastName479,40
firstName480,lastName480,40
firstName481,lastName481,40
firstName482,lastName482,40
firstName483,lastName483,40
firstName484,lastName484,40
firstName485,lastName485,40
firstName486,lastName486,40
firstName487,lastName487,40
firstName488,lastName488,40
firstName489,lastName489,40
firstName490,lastName490,40
firstName491,lastName491,40
firstName492,lastName492,40
firstName493,lastName493,40
firstName494,lastName494,40
firstName495,lastName495,40
firstName496,lastName496,40
firstName497,lastName497,40
firstName498,lastName498,40
firstName499,lastName499,40
firstName500,lastName500,40
firstName501,lastName501,40
firstName502,lastName502,40
firstName503,lastName503,40
firstName504,lastName504,40
firstName505,lastName505,40
firstName506,lastName506,40
firstName507,lastName507,40
firstName508,lastName508,40
firstName509,lastName509,40
firstName510,lastName510,40
firstName511,lastName511,40
firstName512,lastName512,40
firstName513,lastName513,40
firstName514,lastName514,40
firstName515,lastName515,40
firstName516,lastName516,40
firstName517,lastName517,40
firstName518,lastName518,40
firstName519,lastName519,40
firstName520,lastName520,40
firstName521,lastName521,40
firstName522,lastName522,40
firstName523,lastName523,40
firstName524,lastName524,40
firstName525,lastName525,40
firstName526,lastName526,40
firstName527,lastName527,40
firstName528,lastName528,40
firstName529,lastName529,40
firstName530,lastName530,40
firstName531,lastName531,40
firstName532,lastName532,40
firstName533,lastName533,40
firstName534,lastName534,40
firstName535,lastName535,40
firstName536,lastName536,40
firstName537,lastName537,40
firstName538,lastName538,40
firstName539,lastName539,40
firstName540,lastName540,40
firstName541,lastName541,40
firstName542,lastName542,40
firstName543,lastName543,40
firstName544,lastName544,40
firstName545,lastName545,40
firstName546,lastName546,40
firstName547,lastName547,40
firstName548,lastName548,40
firstName549,lastName549,40
firstName550,lastName550,40
firstName551,lastName551,40
firstName552,lastName552,40
firstName553,lastName553,40
firstName554,lastName554,40
firstName555,lastName555,40
firstName556,lastName556,40
firstName557,lastName557,40
firstName558,lastName558,40
firstName559,lastName559,40
firstName560,lastName560,40
firstName561,lastName561,39
firstName562,lastName562,39
firstName563,lastName563,39
firstName564,lastName564,39
firstName565,lastName565,39
firstName566,lastName566,39
firstName567,lastName567,39
firstName568,lastName568,39
firstName569,lastName569,39
firstName570,lastName570,39
firstName571,lastName571,39
firstName572,lastName572,39
firstName573,lastName573,39
firstName574,lastName574,39
firstName575,lastName575,39
firstName576,lastName576,39
firstName577,lastName577,39
firstName578,lastName578,39
firstName579,lastName579,39
firstName580,lastName580,39
firstName581,lastName581,39
firstName582,lastName582,39
firstName583,lastName583,39
firstName584,lastName584,39
firstName585,lastName585,39
firstName586,lastName586,39
firstName587,lastName587,39
firstName588,lastName588,39
firstName589,lastName589,39
firstName590,lastName590,39
firstName591,lastName591,39
firstName592,lastName592,39
firstName593,lastName593,39
firstName594,lastName594,39
firstName595,lastName595,39
firstName596,lastName596,39
firstName597,lastName597,39
firstName598,lastName598,39
firstName599,lastName599,39
firstName600,lastName600,39
firstName601,lastName601,39
firstName602,lastName602,39
firstName603,lastName603,39
firstName604,lastName604,39
firstName605,lastName605,39
firstName606,lastName606,39
firstName607,lastName607,39
firstName608,lastName608,39
firstName609,lastName609,39
firstName610,lastName610,39
firstName611,lastName611,39
firstName612,lastName612,39
firstName613,lastName613,39
firstName614,lastName614,39
firstName615,lastName615,39
firstName616,lastName616,39
firstName617,lastName617,39
firstName618,lastName618,39
firstName619,lastName619,39
firstName620,lastName620,39
firstName621,lastName621,39
firstName622,lastName622,39
firstName623,lastName623,39
firstName624,lastName624,39
firstName625,lastName625,39
firstName626,lastName626,39
firstName627,lastName627,39
firstName628,lastName628,39
firstName629,lastName629,39
firstName630,lastName630,39
firstName631,lastName631,39
firstName632,lastName632,39
firstName633,lastName633,39
firstName634,lastName634,39
firstName635,lastName635,39
firstName636,lastName636,39
firstName637,lastName637,39
firstName638,lastName638,39
firstName639,lastName639,39
firstName640,lastName640,39
firstName641,lastName641,39
firstName642,lastName642,39
firstName643,lastName643,39
firstName644,lastName644,39
firstName645,lastName645,39
firstName646,lastName646,39
firstName647,lastName647,39
firstName648,lastName648,39
firstName649,lastName649,39
firstName650,lastName650,39
firstName651,lastName651,39
firstName652,lastName652,39
firstName653,lastName653,39
firstName654,lastName654,39
firstName655,lastName655,39
firstName656,lastName656,39
firstName657,lastName657,39
firstName658,lastName658,39
firstName659,lastName659,39
firstName660,lastName660,39
firstName661,lastName661,39
firstName662,lastName662,39
firstName663,lastName663,39
firstName664,lastName664,39
firstName665,lastName665,39
firstName666,lastName666,39
firstName667,lastName667,39
firstName668,lastName668,39
firstName669,lastName669,39
firstName670,lastName670,39
firstName671,lastName671,39
firstName672,lastName672,39
firstName673,lastName673,39
firstName674,lastName674,39
firstName675,lastName675,39
firstName676,lastName676,39
firstName677,lastName677,39
firstName678,lastName678,39
firstName679,lastName679,39
firstName680,lastName680,39
firstName681,lastName681,39
firstName682,lastName682,39
firstName683,lastName683,39
firstName684,lastName684,39
firstName685,lastName685,39
firstName686,lastName686,39
firstName687,lastName687,39
firstName688,lastName688,39
firstName689,lastName689,39
firstName690,lastName690,39
firstName691,lastName691,39
firstName692,lastName692,39
firstName693,lastName693,39
firstName694,lastName694,39
firstName695,lastName695,39
firstName696,lastName696,39
firstName697,lastName697,39
firstName698,lastName698,39
firstName699,lastName699,39
firstName700,lastName700,39
firstName701,lastName701,39
firstName702,lastName702,39
firstName703,lastName703,39
firstName704,lastName704,39
firstName705,lastName705,39
firstName706,lastName706,39
firstName707,lastName707,39
firstName708,lastName708,39
firstName709,lastName709,39
firstName710,lastName710,39
firstName711,lastName711,39
firstName712,lastName712,39
firstName713,lastName713,39
firstName714,lastName714,39
firstName715,lastName715,39
firstName716,lastName716,39
firstName717,lastName717,39
firstName718,lastName718,39
firstName719,lastName719,39
firstName720,lastName720,39
firstName721,lastName721,39
firstName722,lastName722,39
firstName723,lastName723,39
firstName724,lastName724,39
firstName725,lastName725,39
firstName726,lastName726,39
firstName727,lastName727,39
firstName728,lastName728,39
firstName729,lastName729,39
firstName730,lastName730,39
firstName731,lastName731,39
firstName732,lastName732,39
firstName733,lastName733,39
firstName734,lastName734,39
firstName735,lastName735,39
firstName736,lastName736,39
firstName737,lastName737,39
firstName738,lastName738,39
firstName739,lastName739,39
firstName740,lastName740,39
firstName741,lastName741,39
firstName742,lastName742,39
firstName743,lastName743,39
firstName744,lastName744,39
firstName745,lastName745,39
firstName746,lastName746,39
firstName747,lastName747,39
firstName748,lastName748,39
firstName749,lastName749,39
firstName750,lastName750,39
firstName751,lastName751,39
firstName752,lastName752,39
firstName753,lastName753,39
firstName754,lastName754,39
firstName755,lastName755,39
firstName756,lastName756,39
firstName757,lastName757,39
firstName758,lastName758,39
firstName759,lastName759,39
firstName760,lastName760,39
firstName761,lastName761,39
firstName762,lastName762,39
firstName763,lastName763,39
firstName764,lastName764,39
firstName765,lastName765,39
firstName766,lastName766,39
firstName767,lastName767,39
firstName768,lastName768,39
firstName769,lastName769,39
firstName770,lastName770,39
firstName771,lastName771,39
firstName772,lastName772,39
firstName773,lastName773,39
firstName774,lastName774,39
firstName775,lastName775,39
firstName776,lastName776,39
firstName777,lastName777,39
firstName778,lastName778,39
firstName779,lastName779,39
firstName780,lastName780,39
firstName781,lastName781,39
firstName782,lastName782,39
firstName783,lastName783,39
firstName784,lastName784,39
firstName785,lastName785,39
firstName786,lastName786,39
firstName787,lastName787,39
firstName788,lastName788,39
firstName789,lastName789,39
firstName790,lastName790,39
firstName791,lastName791,39
firstName792,lastName792,39
firstName793,lastName793,39
firstName794,lastName794,39
firstName795,lastName795,39
firstName796,lastName796,39
firstName797,lastName797,39
firstName798,lastName798,39
firstName799,lastName799,39
firstName800,lastName800,39
firstName801,lastName801,39
firstName802,lastName802,39
firstName803,lastName803,39
firstName804,lastName804,39
firstName805,lastName805,39
firstName806,lastName806,39
firstName807,lastName807,39
firstName808,lastName808,39
firstName809,lastName809,39
firstName810,lastName810,39
firstName811,lastName811,39
firstName812,lastName812,39
firstName813,lastName813,39
firstName814,lastName814,39
firstName815,lastName815,39
firstName816,lastName816,39
firstName817,lastName817,39
firstName818,lastName818,39
firstName819,lastName819,39
firstName820,lastName820,39
firstName821,lastName821,39
firstName822,lastName822,39
firstName823,lastName823,39
firstName824,lastName824,39
firstName825,lastName825,39
firstName826,lastName826,39
firstName827,lastName827,39
firstName828,lastName828,39
firstName829,lastName829,39
firstName830,lastName830,39
firstName831,lastName831,39
firstName832,lastName832,39
firstName833,lastName833,39
firstName834,lastName834,39
firstName835,lastName835,39
firstName836,lastName836,39
firstName837,lastName837,39
firstName838,lastName838,39
firstName839,lastName839,39
firstName840,lastName840,39
firstName841,lastName841,39
firstName842,lastName842,39
firstName843,lastName843,39
firstName844,lastName844,39
firstName845,lastName845,39
firstName846,lastName846,39
firstName847,lastName847,39
firstName848,lastName848,39
firstName849,lastName849,39
firstName850,lastName850,39
firstName851,lastName851,39
firstName852,lastName852,39
firstName853,lastName853,39
firstName854,lastName854,39
firstName855,lastName855,39
firstName856,lastName856,39
firstName857,lastName857,39
firstName858,lastName858,39
firstName859,lastName859,39
firstName860,lastName860,39
firstName861,lastName861,39
firstName862,lastName862,39
firstName863,lastName863,39
firstName864,lastName864,39
firstName865,lastName865,39
firstName866,lastName866,39
firstName867,lastName867,39
firstName868,lastName868,39
firstName869,lastName869,39
firstName870,lastName870,39
firstName871,lastName871,39
firstName872,lastName872,39
firstName873,lastName873,39
firstName874,lastName874,39
firstName875,lastName875,39
firstName876,lastName876,39
firstName877,lastName877,39
firstName878,lastName878,39
firstName879,lastName879,39
firstName880,lastName880,39
firstName881,lastName881,39
firstName882,lastName882,39
firstName883,lastName883,39
firstName884,lastName884,39
firstName885,lastName885,39
firstName886,lastName886,39
firstName887,lastName887,39
firstName888,lastName888,39
firstName889,lastName889,39
firstName890,lastName890,39
firstName891,lastName891,39
firstName892,lastName892,39
firstName893,lastName893,39
firstName894,lastName894,39
firstName895,lastName895,39
firstName896,lastName896,39
firstName897,lastName897,39
firstName898,lastName898,39
firstName899,lastName899,39
firstName900,lastName900,39
firstName901,lastName901,39
firstName902,lastName902,39
firstName903,lastName903,39
firstName904,lastName904,39
firstName905,lastName905,39
firstName906,lastName906,39
firstName907,lastName907,39
firstName908,lastName908,39
firstName909,lastName909,39
firstName910,lastName910,39
firstName911,lastName911,39
firstName912,lastName912,39
firstName913,lastName913,39
firstName914,lastName914,39
firstName915,lastName915,39
firstName916,lastName916,39
firstName917,lastName917,39
firstName918,lastName918,39
firstName919,lastName919,39
firstName920,lastName920,39
firstName921,lastName921,39
firstName922,lastName922,39
firstName923,lastName923,39
firstName924,lastName924,39
firstName925,lastName925,39
firstName926,lastName926,38
firstName927,lastName927,38
firstName928,lastName928,38
firstName929,lastName929,38
firstName930,lastName930,38
firstName931,lastName931,38
firstName932,lastName932,38
firstName933,lastName933,38
firstName934,lastName934,38
firstName935,lastName935,38
firstName936,lastName936,38
firstName937,lastName937,38
firstName938,lastName938,38
firstName939,lastName939,38
firstName940,lastName940,38
firstName941,lastName941,38
firstName942,lastName942,38
firstName943,lastName943,38
firstName944,lastName944,38
firstName945,lastName945,38
firstName946,lastName946,38
firstName947,lastName947,38
firstName948,lastName948,38
firstName949,lastName949,38
firstName950,lastName950,38
firstName951,lastName951,38
firstName952,lastName952,38
firstName953,lastName953,38
firstName954,lastName954,38
firstName955,lastName955,38
firstName956,lastName956,38
firstName957,lastName957,38
firstName958,lastName958,38
firstName959,lastName959,38
firstName960,lastName960,38
firstName961,lastName961,38
firstName962,lastName962,38
firstName963,lastName963,38
firstName964,lastName964,38
firstName965,lastName965,38
firstName966,lastName966,38
firstName967,lastName967,38
firstName968,lastName968,38
firstName969,lastName969,38
firstName970,lastName970,38
firstName971,lastName971,38
firstName972,lastName972,38
firstName973,lastName973,38
firstName974,lastName974,38
firstName975,lastName975,38
firstName976,lastName976,38
firstName977,lastName977,38
firstName978,lastName978,38
firstName979,lastName979,38
firstName980,lastName980,38
firstName981,lastName981,38
firstName982,lastName982,38
firstName983,lastName983,38
firstName984,lastName984,38
firstName985,lastName985,38
firstName986,lastName986,38
firstName987,lastName987,38
firstName988,lastName988,38
firstName989,lastName989,38
firstName990,lastName990,38
firstName991,lastName991,38
firstName992,lastName992,38
firstName993,lastName993,38
firstName994,lastName994,38
firstName995,lastName995,38
firstName996,lastName996,38
firstName997,lastName997,38
firstName998,lastName998,38
firstName999,lastName999,38
firstName1000,lastName1000,38
