firstName1,lastName1,1980-01-01
firstName2,lastName2,1980-01-02
firstName3,lastName3,1980-01-03
firstName4,lastName4,1980-01-04
firstName5,lastName5,1980-01-05
firstName6,lastName6,1980-01-06
firstName7,lastName7,1980-01-07
firstName8,lastName8,1980-01-08
firstName9,lastName9,1980-01-09
firstName10,lastName10,1980-01-10
firstName11,lastName11,1980-01-11
firstName12,lastName12,1980-01-12
firstName13,lastName13,1980-01-13
firstName14,lastName14,1980-01-14
firstName15,lastName15,1980-01-15
firstName16,lastName16,1980-01-16
firstName17,lastName17,1980-01-17
firstName18,lastName18,1980-01-18
firstName19,lastName19,1980-01-19
firstName20,lastName20,1980-01-20
firstName21,lastName21,1980-01-21
firstName22,lastName22,1980-01-22
firstName23,lastName23,1980-01-23
firstName24,lastName24,1980-01-24
firstName25,lastName25,1980-01-25
firstName26,lastName26,1980-01-26
firstName27,lastName27,1980-01-27
firstName28,lastName28,1980-01-28
firstName29,lastName29,1980-01-29
firstName30,lastName30,1980-01-30
firstName31,lastName31,1980-01-31
firstName32,lastName32,1980-02-01
firstName33,lastName33,1980-02-02
firstName34,lastName34,1980-02-03
firstName35,lastName35,1980-02-04
firstName36,lastName36,1980-02-05
firstName37,lastName37,1980-02-06
firstName38,lastName38,1980-02-07
firstName39,lastName39,1980-02-08
firstName40,lastName40,1980-02-09
firstName41,lastName41,1980-02-10
firstName42,lastName42,1980-02-11
firstName43,lastName43,1980-02-12
firstName44,lastName44,1980-02-13
firstName45,lastName45,1980-02-14
firstName46,lastName46,1980-02-15
firstName47,lastName47,1980-02-16
firstName48,lastName48,1980-02-17
firstName49,lastName49,1980-02-18
firstName50,lastName50,1980-02-19
firstName51,lastName51,1980-02-20
firstName52,lastName52,1980-02-21
firstName53,lastName53,1980-02-22
firstName54,lastName54,1980-02-23
firstName55,lastName55,1980-02-24
firstName56,lastName56,1980-02-25
firstName57,lastName57,1980-02-26
firstName58,lastName58,1980-02-27
firstName59,lastName59,1980-02-28
firstName60,lastName60,1980-02-29
firstName61,lastName61,1980-03-01
firstName62,lastName62,1980-03-02
firstName63,lastName63,1980-03-03
firstName64,lastName64,1980-03-04
firstName65,lastName65,1980-03-05
firstName66,lastName66,1980-03-06
firstName67,lastName67,1980-03-07
firstName68,lastName68,1980-03-08
firstName69,lastName69,1980-03-09
firstName70,lastName70,1980-03-10
firstName71,lastName71,1980-03-11
firstName72,lastName72,1980-03-12
firstName73,lastName73,1980-03-13
firstName74,lastName74,1980-03-14
firstName75,lastName75,1980-03-15
firstName76,lastName76,1980-03-16
firstName77,lastName77,1980-03-17
firstName78,lastName78,1980-03-18
firstName79,lastName79,1980-03-19
firstName80,lastName80,1980-03-20
firstName81,lastName81,1980-03-21
firstName82,lastName82,1980-03-22
firstName83,lastName83,1980-03-23
firstName84,lastName84,1980-03-24
firstName85,lastName85,1980-03-25
firstName86,lastName86,1980-03-26
firstName87,lastName87,1980-03-27
firstName88,lastName88,1980-03-28
firstName89,lastName89,1980-03-29
firstName90,lastName90,1980-03-30
firstName91,lastName91,1980-03-31
firstName92,lastName92,1980-04-01
firstName93,lastName93,1980-04-02
firstName94,lastName94,1980-04-03
firstName95,lastName95,1980-04-04
firstName96,lastName96,1980-04-05
firstName97,lastName97,1980-04-06
firstName98,lastName98,1980-04-07
firstName99,lastName99,1980-04-08
firstName100,lastName100,1980-04-09
firstName101,lastName101,1980-04-10
firstName102,lastName102,1980-04-11
firstName103,lastName103,1980-04-12
firstName104,lastName104,1980-04-13
firstName105,lastName105,1980-04-14
firstName106,lastName106,1980-04-15
firstName107,lastName107,1980-04-16
firstName108,lastName108,1980-04-17
firstName109,lastName109,1980-04-18
firstName110,lastName110,1980-04-19
firstName111,lastName111,1980-04-20
firstName112,lastName112,1980-04-21
firstName113,lastName113,1980-04-22
firstName114,lastName114,1980-04-23
firstName115,lastName115,1980-04-24
firstName116,lastName116,1980-04-25
firstName117,lastName117,1980-04-26
firstName118,lastName118,1980-04-27
firstName119,lastName119,1980-04-28
firstName120,lastName120,1980-04-29
firstName121,lastName121,1980-04-30
firstName122,lastName122,1980-05-01
firstName123,lastName123,1980-05-02
firstName124,lastName124,1980-05-03
firstName125,lastName125,1980-05-04
firstName126,lastName126,1980-05-05
firstName127,lastName127,1980-05-06
firstName128,lastName128,1980-05-07
firstName129,lastName129,1980-05-08
firstName130,lastName130,1980-05-09
firstName131,lastName131,1980-05-10
firstName132,lastName132,1980-05-11
firstName133,lastName133,1980-05-12
firstName134,lastName134,1980-05-13
firstName135,lastName135,1980-05-14
firstName136,lastName136,1980-05-15
firstName137,lastName137,1980-05-16
firstName138,lastName138,1980-05-17
firstName139,lastName139,1980-05-18
firstName140,lastName140,1980-05-19
firstName141,lastName141,1980-05-20
firstName142,lastName142,1980-05-21
firstName143,lastName143,1980-05-22
firstName144,lastName144,1980-05-23
firstName145,lastName145,1980-05-24
firstName146,lastName146,1980-05-25
firstName147,lastName147,1980-05-26
firstName148,lastName148,1980-05-27
firstName149,lastName149,1980-05-28
firstName150,lastName150,1980-05-29
firstName151,lastName151,1980-05-30
firstName152,lastName152,1980-05-31
firstName153,lastName153,1980-06-01
firstName154,lastName154,1980-06-02
firstName155,lastName155,1980-06-03
firstName156,lastName156,1980-06-04
firstName157,lastName157,1980-06-05
firstName158,lastName158,1980-06-06
firstName159,lastName159,1980-06-07
firstName160,lastName160,1980-06-08
firstName161,lastName161,1980-06-09
firstName162,lastName162,1980-06-10
firstName163,lastName163,1980-06-11
firstName164,lastName164,1980-06-12
firstName165,lastName165,1980-06-13
firstName166,lastName166,1980-06-14
firstName167,lastName167,1980-06-15
firstName168,lastName168,1980-06-16
firstName169,lastName169,1980-06-17
firstName170,lastName170,1980-06-18
firstName171,lastName171,1980-06-19
firstName172,lastName172,1980-06-20
firstName173,lastName173,1980-06-21
firstName174,lastName174,1980-06-22
firstName175,lastName175,1980-06-23
firstName176,lastName176,1980-06-24
firstName177,lastName177,1980-06-25
firstName178,lastName178,1980-06-26
firstName179,lastName179,1980-06-27
firstName180,lastName180,1980-06-28
firstName181,lastName181,1980-06-29
firstName182,lastName182,1980-06-30
firstName183,lastName183,1980-07-01
firstName184,lastName184,1980-07-02
firstName185,lastName185,1980-07-03
firstName186,lastName186,1980-07-04
firstName187,lastName187,1980-07-05
firstName188,lastName188,1980-07-06
firstName189,lastName189,1980-07-07
firstName190,lastName190,1980-07-08
firstName191,lastName191,1980-07-09
firstName192,lastName192,1980-07-10
firstName193,lastName193,1980-07-11
firstName194,lastName194,1980-07-12
firstName195,lastName195,1980-07-13
firstName196,lastName196,1980-07-14
firstName197,lastName197,1980-07-15
firstName198,lastName198,1980-07-16
firstName199,lastName199,1980-07-17
firstName200,lastName200,1980-07-18
firstName201,lastName201,1980-07-19
firstName202,lastName202,1980-07-20
firstName203,lastName203,1980-07-21
firstName204,lastName204,1980-07-22
firstName205,lastName205,1980-07-23
firstName206,lastName206,1980-07-24
firstName207,lastName207,1980-07-25
firstName208,lastName208,1980-07-26
firstName209,lastName209,1980-07-27
firstName210,lastName210,1980-07-28
firstName211,lastName211,1980-07-29
firstName212,lastName212,1980-07-30
firstName213,lastName213,1980-07-31
firstName214,lastName214,1980-08-01
firstName215,lastName215,1980-08-02
firstName216,lastName216,1980-08-03
firstName217,lastName217,1980-08-04
firstName218,lastName218,1980-08-05
firstName219,lastName219,1980-08-06
firstName220,lastName220,1980-08-07
firstName221,lastName221,1980-08-08
firstName222,lastName222,1980-08-09
firstName223,lastName223,1980-08-10
firstName224,lastName224,1980-08-11
firstName225,lastName225,1980-08-12
firstName226,lastName226,1980-08-13
firstName227,lastName227,1980-08-14
firstName228,lastName228,1980-08-15
firstName229,lastName229,1980-08-16
firstName230,lastName230,1980-08-17
firstName231,lastName231,1980-08-18
firstName232,lastName232,1980-08-19
firstName233,lastName233,1980-08-20
firstName234,lastName234,1980-08-21
firstName235,lastName235,1980-08-22
firstName236,lastName236,1980-08-23
firstName237,lastName237,1980-08-24
firstName238,lastName238,1980-08-25
firstName239,lastName239,1980-08-26
firstName240,lastName240,1980-08-27
firstName241,lastName241,1980-08-28
firstName242,lastName242,1980-08-29
firstName243,lastName243,1980-08-30
firstName244,lastName244,1980-08-31
firstName245,lastName245,1980-09-01
firstName246,lastName246,1980-09-02
firstName247,lastName247,1980-09-03
firstName248,lastName248,1980-09-04
firstName249,lastName249,1980-09-05
firstName250,lastName250,1980-09-06
firstName251,lastName251,1980-09-07
firstName252,lastName252,1980-09-08
firstName253,lastName253,1980-09-09
firstName254,lastName254,1980-09-10
firstName255,lastName255,1980-09-11
firstName256,lastName256,1980-09-12
firstName257,lastName257,1980-09-13
firstName258,lastName258,1980-09-14
firstName259,lastName259,1980-09-15
firstName260,lastName260,1980-09-16
firstName261,lastName261,1980-09-17
firstName262,lastName262,1980-09-18
firstName263,lastName263,1980-09-19
firstName264,lastName264,1980-09-20
firstName265,lastName265,1980-09-21
firstName266,lastName266,1980-09-22
firstName267,lastName267,1980-09-23
firstName268,lastName268,1980-09-24
firstName269,lastName269,1980-09-25
firstName270,lastName270,1980-09-26
firstName271,lastName271,1980-09-27
firstName272,lastName272,1980-09-28
firstName273,lastName273,1980-09-29
firstName274,lastName274,1980-09-30
firstName275,lastName275,1980-10-01
firstName276,lastName276,1980-10-02
firstName277,lastName277,1980-10-03
firstName278,lastName278,1980-10-04
firstName279,lastName279,1980-10-05
firstName280,lastName280,1980-10-06
firstName281,lastName281,1980-10-07
firstName282,lastName282,1980-10-08
firstName283,lastName283,1980-10-09
firstName284,lastName284,1980-10-10
firstName285,lastName285,1980-10-11
firstName286,lastName286,1980-10-12
firstName287,lastName287,1980-10-13
firstName288,lastName288,1980-10-14
firstName289,lastName289,1980-10-15
firstName290,lastName290,1980-10-16
firstName291,lastName291,1980-10-17
firstName292,lastName292,1980-10-18
firstName293,lastName293,1980-10-19
firstName294,lastName294,1980-10-20
firstName295,lastName295,1980-10-21
firstName296,lastName296,1980-10-22
firstName297,lastName297,1980-10-23
firstName298,lastName298,1980-10-24
firstName299,lastName299,1980-10-25
firstName300,lastName300,1980-10-26
firstName301,lastName301,1980-10-27
firstName302,lastName302,1980-10-28
firstName303,lastName303,1980-10-29
firstName304,lastName304,1980-10-30
firstName305,lastName305,1980-10-31
firstName306,lastName306,1980-11-01
firstName307,lastName307,1980-11-02
firstName308,lastName308,1980-11-03
firstName309,lastName309,1980-11-04
firstName310,lastName310,1980-11-05
firstName311,lastName311,1980-11-06
firstName312,lastName312,1980-11-07
firstName313,lastName313,1980-11-08
firstName314,lastName314,1980-11-09
firstName315,lastName315,1980-11-10
firstName316,lastName316,1980-11-11
firstName317,lastName317,1980-11-12
firstName318,lastName318,1980-11-13
firstName319,lastName319,1980-11-14
firstName320,lastName320,1980-11-15
firstName321,lastName321,1980-11-16
firstName322,lastName322,1980-11-17
firstName323,lastName323,1980-11-18
firstName324,lastName324,1980-11-19
firstName325,lastName325,1980-11-20
firstName326,lastName326,1980-11-21
firstName327,lastName327,1980-11-22
firstName328,lastName328,1980-11-23
firstName329,lastName329,1980-11-24
firstName330,lastName330,1980-11-25
firstName331,lastName331,1980-11-26
firstName332,lastName332,1980-11-27
firstName333,lastName333,1980-11-28
firstName334,lastName334,1980-11-29
firstName335,lastName335,1980-11-30
firstName336,lastName336,1980-12-01
firstName337,lastName337,1980-12-02
firstName338,lastName338,1980-12-03
firstName339,lastName339,1980-12-04
firstName340,lastName340,1980-12-05
firstName341,lastName341,1980-12-06
firstName342,lastName342,1980-12-07
firstName343,lastName343,1980-12-08
firstName344,lastName344,1980-12-09
firstName345,lastName345,1980-12-10
firstName346,lastName346,1980-12-11
firstName347,lastName347,1980-12-12
firstName348,lastName348,1980-12-13
firstName349,lastName349,1980-12-14
firstName350,lastName350,1980-12-15
firstName351,lastName351,1980-12-16
firstName352,lastName352,1980-12-17
firstName353,lastName353,1980-12-18
firstName354,lastName354,1980-12-19
firstName355,lastName355,1980-12-20
firstName356,lastName356,1980-12-21
firstName357,lastName357,1980-12-22
firstName358,lastName358,1980-12-23
firstName359,lastName359,1980-12-24
firstName360,lastName360,1980-12-25
firstName361,lastName361,1980-12-26
firstName362,lastName362,1980-12-27
firstName363,lastName363,1980-12-28
firstName364,lastName364,1980-12-29
firstName365,lastName365,1980-12-30
firstName366,lastName366,1980-12-31
firstName367,lastName367,1981-01-01
firstName368,lastName368,1981-01-02
firstName369,lastName369,1981-01-03
firstName370,lastName370,1981-01-04
firstName371,lastName371,1981-01-05
firstName372,lastName372,1981-01-06
firstName373,lastName373,1981-01-07
firstName374,lastName374,1981-01-08
firstName375,lastName375,1981-01-09
firstName376,lastName376,1981-01-10
firstName377,lastName377,1981-01-11
firstName378,lastName378,1981-01-12
firstName379,lastName379,1981-01-13
firstName380,lastName380,1981-01-14
firstName381,lastName381,1981-01-15
firstName382,lastName382,1981-01-16
firstName383,lastName383,1981-01-17
firstName384,lastName384,1981-01-18
firstName385,lastName385,1981-01-19
firstName386,lastName386,1981-01-20
firstName387,lastName387,1981-01-21
firstName388,lastName388,1981-01-22
firstName389,lastName389,1981-01-23
firstName390,lastName390,1981-01-24
firstName391,lastName391,1981-01-25
firstName392,lastName392,1981-01-26
firstName393,lastName393,1981-01-27
firstName394,lastName394,1981-01-28
firstName395,lastName395,1981-01-29
firstName396,lastName396,1981-01-30
firstName397,lastName397,1981-01-31
firstName398,lastName398,1981-02-01
firstName399,lastName399,1981-02-02
firstName400,lastName400,1981-02-03
firstName401,lastName401,1981-02-04
firstName402,lastName402,1981-02-05
firstName403,lastName403,1981-02-06
firstName404,lastName404,1981-02-07
firstName405,lastName405,1981-02-08
firstName406,lastName406,1981-02-09
firstName407,lastName407,1981-02-10
firstName408,lastName408,1981-02-11
firstName409,lastName409,1981-02-12
firstName410,lastName410,1981-02-13
firstName411,lastName411,1981-02-14
firstName412,lastName412,1981-02-15
firstName413,lastName413,1981-02-16
firstName414,lastName414,1981-02-17
firstName415,lastName415,1981-02-18
firstName416,lastName416,1981-02-19
firstName417,lastName417,1981-02-20
firstName418,lastName418,1981-02-21
firstName419,lastName419,1981-02-22
firstName420,lastName420,1981-02-23
firstName421,lastName421,1981-02-24
firstName422,lastName422,1981-02-25
firstName423,lastName423,1981-02-26
firstName424,lastName424,1981-02-27
firstName425,lastName425,1981-02-28
firstName426,lastName426,1981-03-01
firstName427,lastName427,1981-03-02
firstName428,lastName428,1981-03-03
firstName429,lastName429,1981-03-04
firstName430,lastName430,1981-03-05
firstName431,lastName431,1981-03-06
firstName432,lastName432,1981-03-07
firstName433,lastName433,1981-03-08
firstName434,lastName434,1981-03-09
firstName435,lastName435,1981-03-10
firstName436,lastName436,1981-03-11
firstName437,lastName437,1981-03-12
firstName438,lastName438,1981-03-13
firstName439,lastName439,1981-03-14
firstName440,lastName440,1981-03-15
firstName441,lastName441,1981-03-16
firstName442,lastName442,1981-03-17
firstName443,lastName443,1981-03-18
firstName444,lastName444,1981-03-19
firstName445,lastName445,1981-03-20
firstName446,lastName446,1981-03-21
firstName447,lastName447,1981-03-22
firstName448,lastName448,1981-03-23
firstName449,lastName449,1981-03-24
firstName450,lastName450,1981-03-25
firstName451,lastName451,1981-03-26
firstName452,lastName452,1981-03-27
firstName453,lastName453,1981-03-28
firstName454,lastName454,1981-03-29
firstName455,lastName455,1981-03-30
firstName456,lastName456,1981-03-31
firstName457,lastName457,1981-04-01
firstName458,lastName458,1981-04-02
firstName459,lastName459,1981-04-03
firstName460,lastName460,1981-04-04
firstName461,lastName461,1981-04-05
firstName462,lastName462,1981-04-06
firstName463,lastName463,1981-04-07
firstName464,lastName464,1981-04-08
firstName465,lastName465,1981-04-09
firstName466,lastName466,1981-04-10
firstName467,lastName467,1981-04-11
firstName468,lastName468,1981-04-12
firstName469,lastName469,1981-04-13
firstName470,lastName470,1981-04-14
firstName471,lastName471,1981-04-15
firstName472,lastName472,1981-04-16
firstName473,lastName473,1981-04-17
firstName474,lastName474,1981-04-18
firstName475,lastName475,1981-04-19
firstName476,lastName476,1981-04-20
firstName477,lastName477,1981-04-21
firstName478,lastName478,1981-04-22
firstName479,lastName479,1981-04-23
firstName480,lastName480,1981-04-24
firstName481,lastName481,1981-04-25
firstName482,lastName482,1981-04-26
firstName483,lastName483,1981-04-27
firstName484,lastName484,1981-04-28
firstName485,lastName485,1981-04-29
firstName486,lastName486,1981-04-30
firstName487,lastName487,1981-05-01
firstName488,lastName488,1981-05-02
firstName489,lastName489,1981-05-03
firstName490,lastName490,1981-05-04
firstName491,lastName491,1981-05-05
firstName492,lastName492,1981-05-06
firstName493,lastName493,1981-05-07
firstName494,lastName494,1981-05-08
firstName495,lastName495,1981-05-09
firstName496,lastName496,1981-05-10
firstName497,lastName497,1981-05-11
firstName498,lastName498,1981-05-12
firstName499,lastName499,1981-05-13
firstName500,lastName500,1981-05-14
firstName501,lastName501,1981-05-15
firstName502,lastName502,1981-05-16
firstName503,lastName503,1981-05-17
firstName504,lastName504,1981-05-18
firstName505,lastName505,1981-05-19
firstName506,lastName506,1981-05-20
firstName507,lastName507,1981-05-21
firstName508,lastName508,1981-05-22
firstName509,lastName509,1981-05-23
firstName510,lastName510,1981-05-24
firstName511,lastName511,1981-05-25
firstName512,lastName512,1981-05-26
firstName513,lastName513,1981-05-27
firstName514,lastName514,1981-05-28
firstName515,lastName515,1981-05-29
firstName516,lastName516,1981-05-30
firstName517,lastName517,1981-05-31
firstName518,lastName518,1981-06-01
firstName519,lastName519,1981-06-02
firstName520,lastName520,1981-06-03
firstName521,lastName521,1981-06-04
firstName522,lastName522,1981-06-05
firstName523,lastName523,1981-06-06
firstName524,lastName524,1981-06-07
firstName525,lastName525,1981-06-08
firstName526,lastName526,1981-06-09
firstName527,lastName527,1981-06-10
firstName528,lastName528,1981-06-11
firstName529,lastName529,1981-06-12
firstName530,lastName530,1981-06-13
firstName531,lastName531,1981-06-14
firstName532,lastName532,1981-06-15
firstName533,lastName533,1981-06-16
firstName534,lastName534,1981-06-17
firstName535,lastName535,1981-06-18
firstName536,lastName536,1981-06-19
firstName537,lastName537,1981-06-20
firstName538,lastName538,1981-06-21
firstName539,lastName539,1981-06-22
firstName540,lastName540,1981-06-23
firstName541,lastName541,1981-06-24
firstName542,lastName542,1981-06-25
firstName543,lastName543,1981-06-26
firstName544,lastName544,1981-06-27
firstName545,lastName545,1981-06-28
firstName546,lastName546,1981-06-29
firstName547,lastName547,1981-06-30
firstName548,lastName548,1981-07-01
firstName549,lastName549,1981-07-02
firstName550,lastName550,1981-07-03
firstName551,lastName551,1981-07-04
firstName552,lastName552,1981-07-05
firstName553,lastName553,1981-07-06
firstName554,lastName554,1981-07-07
firstName555,lastName555,1981-07-08
firstName556,lastName556,1981-07-09
firstName557,lastName557,1981-07-10
firstName558,lastName558,1981-07-11
firstName559,lastName559,1981-07-12
firstName560,lastName560,1981-07-13
firstName561,lastName561,1981-07-14
firstName562,lastName562,1981-07-15
firstName563,lastName563,1981-07-16
firstName564,lastName564,1981-07-17
firstName565,lastName565,1981-07-18
firstName566,lastName566,1981-07-19
firstName567,lastName567,1981-07-20
firstName568,lastName568,1981-07-21
firstName569,lastName569,1981-07-22
firstName570,lastName570,1981-07-23
firstName571,lastName571,1981-07-24
firstName572,lastName572,1981-07-25
firstName573,lastName573,1981-07-26
firstName574,lastName574,1981-07-27
firstName575,lastName575,1981-07-28
firstName576,lastName576,1981-07-29
firstName577,lastName577,1981-07-30
firstName578,lastName578,1981-07-31
firstName579,lastName579,1981-08-01
firstName580,lastName580,1981-08-02
firstName581,lastName581,1981-08-03
firstName582,lastName582,1981-08-04
firstName583,lastName583,1981-08-05
firstName584,lastName584,1981-08-06
firstName585,lastName585,1981-08-07
firstName586,lastName586,1981-08-08
firstName587,lastName587,1981-08-09
firstName588,lastName588,1981-08-10
firstName589,lastName589,1981-08-11
firstName590,lastName590,1981-08-12
firstName591,lastName591,1981-08-13
firstName592,lastName592,1981-08-14
firstName593,lastName593,1981-08-15
firstName594,lastName594,1981-08-16
firstName595,lastName595,1981-08-17
firstName596,lastName596,1981-08-18
firstName597,lastName597,1981-08-19
firstName598,lastName598,1981-08-20
firstName599,lastName599,1981-08-21
firstName600,lastName600,1981-08-22
firstName601,lastName601,1981-08-23
firstName602,lastName602,1981-08-24
firstName603,lastName603,1981-08-25
firstName604,lastName604,1981-08-26
firstName605,lastName605,1981-08-27
firstName606,lastName606,1981-08-28
firstName607,lastName607,1981-08-29
firstName608,lastName608,1981-08-30
firstName609,lastName609,1981-08-31
firstName610,lastName610,1981-09-01
firstName611,lastName611,1981-09-02
firstName612,lastName612,1981-09-03
firstName613,lastName613,1981-09-04
firstName614,lastName614,1981-09-05
firstName615,lastName615,1981-09-06
firstName616,lastName616,1981-09-07
firstName617,lastName617,1981-09-08
firstName618,lastName618,1981-09-09
firstName619,lastName619,1981-09-10
firstName620,lastName620,1981-09-11
firstName621,lastName621,1981-09-12
firstName622,lastName622,1981-09-13
firstName623,lastName623,1981-09-14
firstName624,lastName624,1981-09-15
firstName625,lastName625,1981-09-16
firstName626,lastName626,1981-09-17
firstName627,lastName627,1981-09-18
firstName628,lastName628,1981-09-19
firstName629,lastName629,1981-09-20
firstName630,lastName630,1981-09-21
firstName631,lastName631,1981-09-22
firstName632,lastName632,1981-09-23
firstName633,lastName633,1981-09-24
firstName634,lastName634,1981-09-25
firstName635,lastName635,1981-09-26
firstName636,lastName636,1981-09-27
firstName637,lastName637,1981-09-28
firstName638,lastName638,1981-09-29
firstName639,lastName639,1981-09-30
firstName640,lastName640,1981-10-01
firstName641,lastName641,1981-10-02
firstName642,lastName642,1981-10-03
firstName643,lastName643,1981-10-04
firstName644,lastName644,1981-10-05
firstName645,lastName645,1981-10-06
firstName646,lastName646,1981-10-07
firstName647,lastName647,1981-10-08
firstName648,lastName648,1981-10-09
firstName649,lastName649,1981-10-10
firstName650,lastName650,1981-10-11
firstName651,lastName651,1981-10-12
firstName652,lastName652,1981-10-13
firstName653,lastName653,1981-10-14
firstName654,lastName654,1981-10-15
firstName655,lastName655,1981-10-16
firstName656,lastName656,1981-10-17
firstName657,lastName657,1981-10-18
firstName658,lastName658,1981-10-19
firstName659,lastName659,1981-10-20
firstName660,lastName660,1981-10-21
firstName661,lastName661,1981-10-22
firstName662,lastName662,1981-10-23
firstName663,lastName663,1981-10-24
firstName664,lastName664,1981-10-25
firstName665,lastName665,1981-10-26
firstName666,lastName666,1981-10-27
firstName667,lastName667,1981-10-28
firstName668,lastName668,1981-10-29
firstName669,lastName669,1981-10-30
firstName670,lastName670,1981-10-31
firstName671,lastName671,1981-11-01
firstName672,lastName672,1981-11-02
firstName673,lastName673,1981-11-03
firstName674,lastName674,1981-11-04
firstName675,lastName675,1981-11-05
firstName676,lastName676,1981-11-06
firstName677,lastName677,1981-11-07
firstName678,lastName678,1981-11-08
firstName679,lastName679,1981-11-09
firstName680,lastName680,1981-11-10
firstName681,lastName681,1981-11-11
firstName682,lastName682,1981-11-12
firstName683,lastName683,1981-11-13
firstName684,lastName684,1981-11-14
firstName685,lastName685,1981-11-15
firstName686,lastName686,1981-11-16
firstName687,lastName687,1981-11-17
firstName688,lastName688,1981-11-18
firstName689,lastName689,1981-11-19
firstName690,lastName690,1981-11-20
firstName691,lastName691,1981-11-21
firstName692,lastName692,1981-11-22
firstName693,lastName693,1981-11-23
firstName694,lastName694,1981-11-24
firstName695,lastName695,1981-11-25
firstName696,lastName696,1981-11-26
firstName697,lastName697,1981-11-27
firstName698,lastName698,1981-11-28
firstName699,lastName699,1981-11-29
firstName700,lastName700,1981-11-30
firstName701,lastName701,1981-12-01
firstName702,lastName702,1981-12-02
firstName703,lastName703,1981-12-03
firstName704,lastName704,1981-12-04
firstName705,lastName705,1981-12-05
firstName706,lastName706,1981-12-06
firstName707,lastName707,1981-12-07
firstName708,lastName708,1981-12-08
firstName709,lastName709,1981-12-09
firstName710,lastName710,1981-12-10
firstName711,lastName711,1981-12-11
firstName712,lastName712,1981-12-12
firstName713,lastName713,1981-12-13
firstName714,lastName714,1981-12-14
firstName715,lastName715,1981-12-15
firstName716,lastName716,1981-12-16
firstName717,lastName717,1981-12-17
firstName718,lastName718,1981-12-18
firstName719,lastName719,1981-12-19
firstName720,lastName720,1981-12-20
firstName721,lastName721,1981-12-21
firstName722,lastName722,1981-12-22
firstName723,lastName723,1981-12-23
firstName724,lastName724,1981-12-24
firstName725,lastName725,1981-12-25
firstName726,lastName726,1981-12-26
firstName727,lastName727,1981-12-27
firstName728,lastName728,1981-12-28
firstName729,lastName729,1981-12-29
firstName730,lastName730,1981-12-30
firstName731,lastName731,1981-12-31
firstName732,lastName732,1982-01-01
firstName733,lastName733,1982-01-02
firstName734,lastName734,1982-01-03
firstName735,lastName735,1982-01-04
firstName736,lastName736,1982-01-05
firstName737,lastName737,1982-01-06
firstName738,lastName738,1982-01-07
firstName739,lastName739,1982-01-08
firstName740,lastName740,1982-01-09
firstName741,lastName741,1982-01-10
firstName742,lastName742,1982-01-11
firstName743,lastName743,1982-01-12
firstName744,lastName744,1982-01-13
firstName745,lastName745,1982-01-14
firstName746,lastName746,1982-01-15
firstName747,lastName747,1982-01-16
firstName748,lastName748,1982-01-17
firstName749,lastName749,1982-01-18
firstName750,lastName750,1982-01-19
firstName751,lastName751,1982-01-20
firstName752,lastName752,1982-01-21
firstName753,lastName753,1982-01-22
firstName754,lastName754,1982-01-23
firstName755,lastName755,1982-01-24
firstName756,lastName756,1982-01-25
firstName757,lastName757,1982-01-26
firstName758,lastName758,1982-01-27
firstName759,lastName759,1982-01-28
firstName760,lastName760,1982-01-29
firstName761,lastName761,1982-01-30
firstName762,lastName762,1982-01-31
firstName763,lastName763,1982-02-01
firstName764,lastName764,1982-02-02
firstName765,lastName765,1982-02-03
firstName766,lastName766,1982-02-04
firstName767,lastName767,1982-02-05
firstName768,lastName768,1982-02-06
firstName769,lastName769,1982-02-07
firstName770,lastName770,1982-02-08
firstName771,lastName771,1982-02-09
firstName772,lastName772,1982-02-10
firstName773,lastName773,1982-02-11
firstName774,lastName774,1982-02-12
firstName775,lastName775,1982-02-13
firstName776,lastName776,1982-02-14
firstName777,lastName777,1982-02-15
firstName778,lastName778,1982-02-16
firstName779,lastName779,1982-02-17
firstName780,lastName780,1982-02-18
firstName781,lastName781,1982-02-19
firstName782,lastName782,1982-02-20
firstName783,lastName783,1982-02-21
firstName784,lastName784,1982-02-22
firstName785,lastName785,1982-02-23
firstName786,lastName786,1982-02-24
firstName787,lastName787,1982-02-25
firstName788,lastName788,1982-02-26
firstName789,lastName789,1982-02-27
firstName790,lastName790,1982-02-28
firstName791,lastName791,1982-03-01
firstName792,lastName792,1982-03-02
firstName793,lastName793,1982-03-03
firstName794,lastName794,1982-03-04
firstName795,lastName795,1982-03-05
firstName796,lastName796,1982-03-06
firstName797,lastName797,1982-03-07
firstName798,lastName798,1982-03-08
firstName799,lastName799,1982-03-09
firstName800,lastName800,1982-03-10
firstName801,lastName801,1982-03-11
firstName802,lastName802,1982-03-12
firstName803,lastName803,1982-03-13
firstName804,lastName804,1982-03-14
firstName805,lastName805,1982-03-15
firstName806,lastName806,1982-03-16
firstName807,lastName807,1982-03-17
firstName808,lastName808,1982-03-18
firstName809,lastName809,1982-03-19
firstName810,lastName810,1982-03-20
firstName811,lastName811,1982-03-21
firstName812,lastName812,1982-03-22
firstName813,lastName813,1982-03-23
firstName814,lastName814,1982-03-24
firstName815,lastName815,1982-03-25
firstName816,lastName816,1982-03-26
firstName817,lastName817,1982-03-27
firstName818,lastName818,1982-03-28
firstName819,lastName819,1982-03-29
firstName820,lastName820,1982-03-30
firstName821,lastName821,1982-03-31
firstName822,lastName822,1982-04-01
firstName823,lastName823,1982-04-02
firstName824,lastName824,1982-04-03
firstName825,lastName825,1982-04-04
firstName826,lastName826,1982-04-05
firstName827,lastName827,1982-04-06
firstName828,lastName828,1982-04-07
firstName829,lastName829,1982-04-08
firstName830,lastName830,1982-04-09
firstName831,lastName831,1982-04-10
firstName832,lastName832,1982-04-11
firstName833,lastName833,1982-04-12
firstName834,lastName834,1982-04-13
firstName835,lastName835,1982-04-14
firstName836,lastName836,1982-04-15
firstName837,lastName837,1982-04-16
firstName838,lastName838,1982-04-17
firstName839,lastName839,1982-04-18
firstName840,lastName840,1982-04-19
firstName841,lastName841,1982-04-20
firstName842,lastName842,1982-04-21
firstName843,lastName843,1982-04-22
firstName844,lastName844,1982-04-23
firstName845,lastName845,1982-04-24
firstName846,lastName846,1982-04-25
firstName847,lastName847,1982-04-26
firstName848,lastName848,1982-04-27
firstName849,lastName849,1982-04-28
firstName850,lastName850,1982-04-29
firstName851,lastName851,1982-04-30
firstName852,lastName852,1982-05-01
firstName853,lastName853,1982-05-02
firstName854,lastName854,1982-05-03
firstName855,lastName855,1982-05-04
firstName856,lastName856,1982-05-05
firstName857,lastName857,1982-05-06
firstName858,lastName858,1982-05-07
firstName859,lastName859,1982-05-08
firstName860,lastName860,1982-05-09
firstName861,lastName861,1982-05-10
firstName862,lastName862,1982-05-11
firstName863,lastName863,1982-05-12
firstName864,lastName864,1982-05-13
firstName865,lastName865,1982-05-14
firstName866,lastName866,1982-05-15
firstName867,lastName867,1982-05-16
firstName868,lastName868,1982-05-17
firstName869,lastName869,1982-05-18
firstName870,lastName870,1982-05-19
firstName871,lastName871,1982-05-20
firstName872,lastName872,1982-05-21
firstName873,lastName873,1982-05-22
firstName874,lastName874,1982-05-23
firstName875,lastName875,1982-05-24
firstName876,lastName876,1982-05-25
firstName877,lastName877,1982-05-26
firstName878,lastName878,1982-05-27
firstName879,lastName879,1982-05-28
firstName880,lastName880,1982-05-29
firstName881,lastName881,1982-05-30
firstName882,lastName882,1982-05-31
firstName883,lastName883,1982-06-01
firstName884,lastName884,1982-06-02
firstName885,lastName885,1982-06-03
firstName886,lastName886,1982-06-04
firstName887,lastName887,1982-06-05
firstName888,lastName888,1982-06-06
firstName889,lastName889,1982-06-07
firstName890,lastName890,1982-06-08
firstName891,lastName891,1982-06-09
firstName892,lastName892,1982-06-10
firstName893,lastName893,1982-06-11
firstName894,lastName894,1982-06-12
firstName895,lastName895,1982-06-13
firstName896,lastName896,1982-06-14
firstName897,lastName897,1982-06-15
firstName898,lastName898,1982-06-16
firstName899,lastName899,1982-06-17
firstName900,lastName900,1982-06-18
firstName901,lastName901,1982-06-19
firstName902,lastName902,1982-06-20
firstName903,lastName903,1982-06-21
firstName904,lastName904,1982-06-22
firstName905,lastName905,1982-06-23
firstName906,lastName906,1982-06-24
firstName907,lastName907,1982-06-25
firstName908,lastName908,1982-06-26
firstName909,lastName909,1982-06-27
firstName910,lastName910,1982-06-28
firstName911,lastName911,1982-06-29
firstName912,lastName912,1982-06-30
firstName913,lastName913,1982-07-01
firstName914,lastName914,1982-07-02
firstName915,lastName915,1982-07-03
firstName916,lastName916,1982-07-04
firstName917,lastName917,1982-07-05
firstName918,lastName918,1982-07-06
firstName919,lastName919,1982-07-07
firstName920,lastName920,1982-07-08
firstName921,lastName921,1982-07-09
firstName922,lastName922,1982-07-10
firstName923,lastName923,1982-07-11
firstName924,lastName924,1982-07-12
firstName925,lastName925,1982-07-13
firstName926,lastName926,1982-07-14
firstName927,lastName927,1982-07-15
firstName928,lastName928,1982-07-16
firstName929,lastName929,1982-07-17
firstName930,lastName930,1982-07-18
firstName931,lastName931,1982-07-19
firstName932,lastName932,1982-07-20
firstName933,lastName933,1982-07-21
firstName934,lastName934,1982-07-22
firstName935,lastName935,1982-07-23
firstName936,lastName936,1982-07-24
firstName937,lastName937,1982-07-25
firstName938,lastName938,1982-07-26
firstName939,lastName939,1982-07-27
firstName940,lastName940,1982-07-28
firstName941,lastName941,1982-07-29
firstName942,lastName942,1982-07-30
firstName943,lastName943,1982-07-31
firstName944,lastName944,1982-08-01
firstName945,lastName945,1982-08-02
firstName946,lastName946,1982-08-03
firstName947,lastName947,1982-08-04
firstName948,lastName948,1982-08-05
firstName949,lastName949,1982-08-06
firstName950,lastName950,1982-08-07
firstName951,lastName951,1982-08-08
firstName952,lastName952,1982-08-09
firstName953,lastName953,1982-08-10
firstName954,lastName954,1982-08-11
firstName955,lastName955,1982-08-12
firstName956,lastName956,1982-08-13
firstName957,lastName957,1982-08-14
firstName958,lastName958,1982-08-15
firstName959,lastName959,1982-08-16
firstName960,lastName960,1982-08-17
firstName961,lastName961,1982-08-18
firstName962,lastName962,1982-08-19
firstName963,lastName963,1982-08-20
firstName964,lastName964,1982-08-21
firstName965,lastName965,1982-08-22
firstName966,lastName966,1982-08-23
firstName967,lastName967,1982-08-24
firstName968,lastName968,1982-08-25
firstName969,lastName969,1982-08-26
firstName970,lastName970,1982-08-27
firstName971,lastName971,1982-08-28
firstName972,lastName972,1982-08-29
firstName973,lastName973,1982-08-30
firstName974,lastName974,1982-08-31
firstName975,lastName975,1982-09-01
firstName976,lastName976,1982-09-02
firstName977,lastName977,1982-09-03
firstName978,lastName978,1982-09-04
firstName979,lastName979,1982-09-05
firstName980,lastName980,1982-09-06
firstName981,lastName981,1982-09-07
firstName982,lastName982,1982-09-08
firstName983,lastName983,1982-09-09
firstName984,lastName984,1982-09-10
firstName985,lastName985,1982-09-11
firstName986,lastName986,1982-09-12
firstName987,lastName987,1982-09-13
firstName988,lastName988,1982-09-14
firstName989,lastName989,1982-09-15
firstName990,lastName990,1982-09-16
firstName991,lastName991,1982-09-17
firstName992,lastName992,1982-09-18
firstName993,lastName993,1982-09-19
firstName994,lastName994,1982-09-20
firstName995,lastName995,1982-09-21
firstName996,lastName996,1982-09-22
firstName997,lastName997,1982-09-23
firstName998,lastName998,1982-09-24
firstName999,lastName999,1982-09-25
firstName1000,lastName1000,1982-09-26
